{"cameraMode":{"drawMode":0,"name":"Shaded","section":"Shading Mode"},"sceneLighting":false,"audioPlay":false,"sceneViewState":{"m_AlwaysRefresh":false,"showFog":true,"showSkybox":false,"showFlares":true,"showImageEffects":true,"showParticleSystems":true,"showVisualEffectGraphs":true,"m_FxEnabled":true},"in2DMode":false,"pivot":{"x":-0.020182594656944276,"y":0.03110339678823948,"z":0.005165472626686096},"rotation":{"x":0.12463962286710739,"y":0.12663976848125459,"z":-0.016041960567235948,"w":0.9839635491371155},"size":0.12024445086717606,"orthographic":true}