{"cameraMode":{"drawMode":0,"name":"Shaded","section":"Shading Mode"},"sceneLighting":true,"audioPlay":false,"sceneViewState":{"m_AlwaysRefresh":false,"showFog":true,"showSkybox":true,"showFlares":true,"showImageEffects":true,"showParticleSystems":true,"showVisualEffectGraphs":true,"m_FxEnabled":true},"in2DMode":false,"pivot":{"x":305.1234436035156,"y":1.3513860702514649,"z":-297.6806640625},"rotation":{"x":0.031192973256111146,"y":0.38506439328193667,"z":-0.013030716218054295,"w":0.9223260283470154},"size":0.8660253882408142,"orthographic":false}