{"cameraMode":{"drawMode":0,"name":"Shaded","section":"Shading Mode"},"sceneLighting":true,"audioPlay":false,"sceneViewState":{"m_AlwaysRefresh":false,"showFog":true,"showSkybox":true,"showFlares":true,"showImageEffects":true,"showParticleSystems":true,"showVisualEffectGraphs":true,"m_FxEnabled":true},"in2DMode":false,"pivot":{"x":307.9131774902344,"y":0.8866099715232849,"z":-290.2203674316406},"rotation":{"x":0.13218295574188233,"y":-0.21309401094913484,"z":0.029848609119653703,"w":0.9684871435165405},"size":4.414010524749756,"orthographic":false}