{"cameraMode":{"drawMode":0,"name":"Shaded","section":"Shading Mode"},"sceneLighting":true,"audioPlay":false,"sceneViewState":{"m_AlwaysRefresh":false,"showFog":true,"showSkybox":true,"showFlares":true,"showImageEffects":true,"showParticleSystems":true,"showVisualEffectGraphs":true,"m_FxEnabled":true},"in2DMode":false,"pivot":{"x":305.9119873046875,"y":-1.3747596740722657,"z":-298.0635986328125},"rotation":{"x":-0.3385038673877716,"y":0.000581654254347086,"z":-0.0019393108086660505,"w":-0.9419379234313965},"size":4.484519004821777,"orthographic":false}