{"cameraMode":{"drawMode":0,"name":"Shaded","section":"Shading Mode"},"sceneLighting":true,"audioPlay":false,"sceneViewState":{"m_AlwaysRefresh":false,"showFog":true,"showSkybox":true,"showFlares":true,"showImageEffects":true,"showParticleSystems":true,"showVisualEffectGraphs":true,"m_FxEnabled":true},"in2DMode":false,"pivot":{"x":-191.71389770507813,"y":-11.708127975463868,"z":-267.14727783203127},"rotation":{"x":0.033397119492292407,"y":-0.9214227199554443,"z":0.08129530400037766,"w":0.37853577733039858},"size":104.45889282226563,"orthographic":false}